,contrast,energy,image_num,rep_n,subject,ns,ed_w,co_w,en_w
0,70.71163157894736,0.04743568688847793,8.0,0.0,D3 R3,50,-1,0,2
0,188.4383947368421,0.03200721114213096,8.0,1.0,D3 R3,50,-1,0,2
0,146.49321052631578,0.03647992086119131,8.0,2.0,D3 R3,50,-1,0,2
0,207.85102631578945,0.030159990053048754,8.0,3.0,D3 R3,50,-1,0,2
0,196.41563157894737,0.032700854944900506,8.0,4.0,D3 R3,50,-1,0,2
1,149.47715789473685,0.036834214380524956,7.0,0.0,D3 R3,50,-1,0,2
1,197.7665526315789,0.032552264602450046,7.0,1.0,D3 R3,50,-1,0,2
1,185.89060526315785,0.030749974663863613,7.0,2.0,D3 R3,50,-1,0,2
1,189.4395,0.033904108503354013,7.0,3.0,D3 R3,50,-1,0,2
1,137.32986842105262,0.03929920209518967,7.0,4.0,D3 R3,50,-1,0,2
2,175.7239736842105,0.034954967071815266,6.0,0.0,D3 R3,50,-1,0,2
2,189.89926315789475,0.0327961733883645,6.0,1.0,D3 R3,50,-1,0,2
2,181.92623684210523,0.03473113489798367,6.0,2.0,D3 R3,50,-1,0,2
2,157.41707894736842,0.03450233341500735,6.0,3.0,D3 R3,50,-1,0,2
2,109.32184210526316,0.04018647668790159,6.0,4.0,D3 R3,50,-1,0,2
3,218.54860526315787,0.03032385789012869,4.0,0.0,D3 R3,50,-1,0,2
3,203.90247368421055,0.030481159886612597,4.0,1.0,D3 R3,50,-1,0,2
3,189.18468421052626,0.03122481810880533,4.0,2.0,D3 R3,50,-1,0,2
3,189.6580789473684,0.031077710657688277,4.0,3.0,D3 R3,50,-1,0,2
3,227.5002105263158,0.030383274211324786,4.0,4.0,D3 R3,50,-1,0,2
4,238.9567105263158,0.02977624892426848,5.0,0.0,D3 R3,50,-1,0,2
4,203.19994736842105,0.03085556334720992,5.0,1.0,D3 R3,50,-1,0,2
4,251.5874210526316,0.027825292157612824,5.0,2.0,D3 R3,50,-1,0,2
4,222.43457894736844,0.030458397674855902,5.0,3.0,D3 R3,50,-1,0,2
4,226.23907894736848,0.03011070869961967,5.0,4.0,D3 R3,50,-1,0,2
5,87.7623947368421,0.04165883398216353,1.0,0.0,D3 R3,50,-1,0,2
5,200.39731578947365,0.031249542932945518,1.0,1.0,D3 R3,50,-1,0,2
5,203.86942105263157,0.030201917442018725,1.0,2.0,D3 R3,50,-1,0,2
5,222.448,0.029598040054524755,1.0,3.0,D3 R3,50,-1,0,2
5,127.12234210526316,0.037888947839984324,1.0,4.0,D3 R3,50,-1,0,2
6,237.8275526315789,0.026963290680503543,2.0,0.0,D3 R3,50,-1,0,2
6,207.64426315789473,0.027472083538771116,2.0,1.0,D3 R3,50,-1,0,2
6,227.7560789473684,0.028336289292331934,2.0,2.0,D3 R3,50,-1,0,2
6,187.72423684210528,0.030072908865712168,2.0,3.0,D3 R3,50,-1,0,2
6,177.00784210526317,0.0319554528919414,2.0,4.0,D3 R3,50,-1,0,2
7,264.0796315789473,0.02722820864949414,3.0,0.0,D3 R3,50,-1,0,2
7,218.05076315789475,0.029724869504103982,3.0,1.0,D3 R3,50,-1,0,2
7,280.8732105263157,0.0224381729792824,3.0,2.0,D3 R3,50,-1,0,2
7,204.09731578947367,0.029818628795917124,3.0,3.0,D3 R3,50,-1,0,2
7,196.89123684210523,0.0289852921438584,3.0,4.0,D3 R3,50,-1,0,2
8,44.00213157894737,0.06141703860964763,8.0,0.0,D2 R3,50,-1,0,2
8,45.575342105263154,0.058269029324276134,8.0,1.0,D2 R3,50,-1,0,2
8,34.64755263157895,0.061668496516486274,8.0,2.0,D2 R3,50,-1,0,2
8,47.41657894736843,0.056482031437849876,8.0,3.0,D2 R3,50,-1,0,2
8,69.95231578947367,0.04766302030038722,8.0,4.0,D2 R3,50,-1,0,2
9,52.463131578947376,0.04988430520531658,7.0,0.0,D2 R3,50,-1,0,2
9,35.142078947368425,0.06766976701911315,7.0,1.0,D2 R3,50,-1,0,2
9,81.48978947368423,0.050604479699439354,7.0,2.0,D2 R3,50,-1,0,2
9,79.94123684210527,0.04511420181036288,7.0,3.0,D2 R3,50,-1,0,2
9,58.67157894736842,0.04560049098851186,7.0,4.0,D2 R3,50,-1,0,2
10,26.00028947368422,0.07855553199264964,6.0,0.0,D2 R3,50,-1,0,2
10,30.34194736842106,0.07135747228157338,6.0,1.0,D2 R3,50,-1,0,2
10,27.360394736842114,0.07693276240164476,6.0,2.0,D2 R3,50,-1,0,2
10,37.05781578947369,0.060327152300677526,6.0,3.0,D2 R3,50,-1,0,2
10,28.19973684210527,0.07337204551947502,6.0,4.0,D2 R3,50,-1,0,2
11,122.11368421052633,0.03951880316158499,4.0,0.0,D2 R3,50,-1,0,2
11,92.32073684210526,0.04505484884484835,4.0,1.0,D2 R3,50,-1,0,2
11,54.014342105263175,0.05666272255569638,4.0,2.0,D2 R3,50,-1,0,2
11,105.78665789473686,0.04488548834213471,4.0,3.0,D2 R3,50,-1,0,2
11,77.55836842105263,0.04734662144574701,4.0,4.0,D2 R3,50,-1,0,2
12,65.31202631578948,0.04897509472218601,5.0,0.0,D2 R3,50,-1,0,2
12,66.05631578947369,0.05032738387664351,5.0,1.0,D2 R3,50,-1,0,2
12,61.52963157894738,0.05722779722847342,5.0,2.0,D2 R3,50,-1,0,2
12,31.611631578947375,0.06731402511987629,5.0,3.0,D2 R3,50,-1,0,2
12,24.085657894736848,0.08049112148006832,5.0,4.0,D2 R3,50,-1,0,2
13,53.889710526315795,0.05742575297950527,1.0,0.0,D2 R3,50,-1,0,2
13,88.34400000000001,0.04469350842450008,1.0,1.0,D2 R3,50,-1,0,2
13,73.452,0.05081496156211827,1.0,2.0,D2 R3,50,-1,0,2
13,80.73355263157897,0.051358952832111775,1.0,3.0,D2 R3,50,-1,0,2
13,141.55113157894732,0.03893812568138003,1.0,4.0,D2 R3,50,-1,0,2
14,72.96471052631577,0.04682213131212011,2.0,0.0,D2 R3,50,-1,0,2
14,75.99413157894737,0.04544719699477011,2.0,1.0,D2 R3,50,-1,0,2
14,79.29176315789472,0.04403183656831665,2.0,2.0,D2 R3,50,-1,0,2
14,56.76463157894737,0.05451763101431264,2.0,3.0,D2 R3,50,-1,0,2
14,44.89007894736844,0.058885138087081255,2.0,4.0,D2 R3,50,-1,0,2
15,49.77402631578949,0.05695229633800332,3.0,0.0,D2 R3,50,-1,0,2
15,21.65928947368421,0.0929882319871103,3.0,1.0,D2 R3,50,-1,0,2
15,31.375684210526323,0.07209046380971043,3.0,2.0,D2 R3,50,-1,0,2
15,23.689710526315793,0.07486583567823547,3.0,3.0,D2 R3,50,-1,0,2
15,55.96894736842106,0.057125160249385784,3.0,4.0,D2 R3,50,-1,0,2
16,113.32465789473683,0.039304778983852956,8.0,0.0,D3 R1,50,-1,0,2
16,114.79194736842106,0.04126692970811648,8.0,1.0,D3 R1,50,-1,0,2
16,140.16313157894737,0.037182031448051336,8.0,2.0,D3 R1,50,-1,0,2
16,87.96215789473685,0.04545400402598719,8.0,3.0,D3 R1,50,-1,0,2
16,148.0510263157895,0.03685041729543434,8.0,4.0,D3 R1,50,-1,0,2
17,92.20194736842106,0.044035186447083007,7.0,0.0,D3 R1,50,-1,0,2
17,97.15076315789472,0.04305293318000135,7.0,1.0,D3 R1,50,-1,0,2
17,130.01955263157893,0.03816430526913729,7.0,2.0,D3 R1,50,-1,0,2
17,130.23192105263158,0.038188277377827255,7.0,3.0,D3 R1,50,-1,0,2
17,112.93118421052634,0.039797278891932006,7.0,4.0,D3 R1,50,-1,0,2
18,115.29184210526316,0.04308052275034756,6.0,0.0,D3 R1,50,-1,0,2
18,114.84776315789473,0.04137691589491742,6.0,1.0,D3 R1,50,-1,0,2
18,113.34213157894737,0.041326134306650344,6.0,2.0,D3 R1,50,-1,0,2
18,117.77573684210527,0.03949281553934053,6.0,3.0,D3 R1,50,-1,0,2
18,111.09102631578946,0.040392023738820663,6.0,4.0,D3 R1,50,-1,0,2
19,90.79423684210524,0.04259414373282328,4.0,0.0,D3 R1,50,-1,0,2
19,113.52992105263161,0.04226261715587745,4.0,1.0,D3 R1,50,-1,0,2
19,85.66739473684213,0.04533152349260574,4.0,2.0,D3 R1,50,-1,0,2
19,118.01886842105262,0.04132647783302012,4.0,3.0,D3 R1,50,-1,0,2
19,179.3531315789474,0.03427612132483478,4.0,4.0,D3 R1,50,-1,0,2
20,166.16186842105265,0.03533019942895527,5.0,0.0,D3 R1,50,-1,0,2
20,185.97178947368423,0.031214087397801047,5.0,1.0,D3 R1,50,-1,0,2
20,129.18784210526314,0.03732227506552196,5.0,2.0,D3 R1,50,-1,0,2
20,192.19981578947372,0.03457359467503291,5.0,3.0,D3 R1,50,-1,0,2
20,122.23305263157894,0.037436173752977996,5.0,4.0,D3 R1,50,-1,0,2
21,253.89368421052626,0.02648591717997067,1.0,0.0,D3 R1,50,-1,0,2
21,208.57197368421055,0.028077794333352446,1.0,1.0,D3 R1,50,-1,0,2
21,357.2161052631578,0.023327481623440758,1.0,2.0,D3 R1,50,-1,0,2
21,259.62836842105264,0.02652664865079377,1.0,3.0,D3 R1,50,-1,0,2
21,231.4016842105263,0.028059444220659445,1.0,4.0,D3 R1,50,-1,0,2
22,322.7385263157894,0.02379824157241576,2.0,0.0,D3 R1,50,-1,0,2
22,289.30955263157887,0.025548776065572164,2.0,1.0,D3 R1,50,-1,0,2
22,229.11900000000003,0.02826266783854278,2.0,2.0,D3 R1,50,-1,0,2
22,330.7343684210525,0.022961985325382954,2.0,3.0,D3 R1,50,-1,0,2
22,375.7111052631577,0.021873985928216447,2.0,4.0,D3 R1,50,-1,0,2
23,261.0570789473683,0.03017243265831867,3.0,0.0,D3 R1,50,-1,0,2
23,162.27057894736842,0.030332626218255464,3.0,1.0,D3 R1,50,-1,0,2
23,218.3172894736842,0.030196878220995437,3.0,2.0,D3 R1,50,-1,0,2
23,216.53897368421048,0.023408963467806916,3.0,3.0,D3 R1,50,-1,0,2
23,142.697,0.03556964706380663,3.0,4.0,D3 R1,50,-1,0,2
24,179.9506842105263,0.03400813614563026,8.0,0.0,D2 R1,50,-1,0,2
24,237.9814210526315,0.031057158456831525,8.0,1.0,D2 R1,50,-1,0,2
24,234.0147105263158,0.03054477663204275,8.0,2.0,D2 R1,50,-1,0,2
24,196.76049999999995,0.03306177065237674,8.0,3.0,D2 R1,50,-1,0,2
24,139.3679736842105,0.03608289164205215,8.0,4.0,D2 R1,50,-1,0,2
25,267.52531578947367,0.030002966150688076,7.0,0.0,D2 R1,50,-1,0,2
25,280.19249999999994,0.03047645655964834,7.0,1.0,D2 R1,50,-1,0,2
25,322.57207894736837,0.026628913430159214,7.0,2.0,D2 R1,50,-1,0,2
25,334.1012894736841,0.027305564205214593,7.0,3.0,D2 R1,50,-1,0,2
25,244.29897368421052,0.03060161425503319,7.0,4.0,D2 R1,50,-1,0,2
26,241.57121052631575,0.027891273369889464,6.0,0.0,D2 R1,50,-1,0,2
26,235.80371052631583,0.028362085514588697,6.0,1.0,D2 R1,50,-1,0,2
26,208.77221052631577,0.029553896959365004,6.0,2.0,D2 R1,50,-1,0,2
26,235.1363947368421,0.029718170663586067,6.0,3.0,D2 R1,50,-1,0,2
26,278.49778947368424,0.025903266673852763,6.0,4.0,D2 R1,50,-1,0,2
27,194.65000000000003,0.032704327862560154,4.0,0.0,D2 R1,50,-1,0,2
27,200.46694736842102,0.03194232271782091,4.0,1.0,D2 R1,50,-1,0,2
27,155.12821052631577,0.03515763374469784,4.0,2.0,D2 R1,50,-1,0,2
27,174.80199999999996,0.031095576904876535,4.0,3.0,D2 R1,50,-1,0,2
27,113.58544736842104,0.04002284233518726,4.0,4.0,D2 R1,50,-1,0,2
28,322.4186315789474,0.0271894451575945,5.0,0.0,D2 R1,50,-1,0,2
28,273.66397368421053,0.028612174151841214,5.0,1.0,D2 R1,50,-1,0,2
28,159.90307894736844,0.03288785717532366,5.0,2.0,D2 R1,50,-1,0,2
28,445.21621052631576,0.025894743528026513,5.0,3.0,D2 R1,50,-1,0,2
28,319.0922368421052,0.02707068566107376,5.0,4.0,D2 R1,50,-1,0,2
29,263.98676315789464,0.02547174035645588,1.0,0.0,D2 R1,50,-1,0,2
29,284.1200526315789,0.028620408279462092,1.0,1.0,D2 R1,50,-1,0,2
29,251.87136842105255,0.026033312879873437,1.0,2.0,D2 R1,50,-1,0,2
29,247.0135789473684,0.028717472265093223,1.0,3.0,D2 R1,50,-1,0,2
29,181.70565789473685,0.032296352160590625,1.0,4.0,D2 R1,50,-1,0,2
30,177.40860526315785,0.03028276252872566,2.0,0.0,D2 R1,50,-1,0,2
30,217.49076315789472,0.027003455970468486,2.0,1.0,D2 R1,50,-1,0,2
30,263.304,0.028336014348197838,2.0,2.0,D2 R1,50,-1,0,2
30,253.65821052631577,0.027479374032716185,2.0,3.0,D2 R1,50,-1,0,2
30,269.99878947368416,0.026573488235613892,2.0,4.0,D2 R1,50,-1,0,2
31,166.26986842105265,0.03266453662473398,3.0,0.0,D2 R1,50,-1,0,2
31,116.25792105263154,0.03847371121030084,3.0,1.0,D2 R1,50,-1,0,2
31,272.08413157894734,0.02318858612153378,3.0,2.0,D2 R1,50,-1,0,2
31,245.2367894736842,0.029586379942742963,3.0,3.0,D2 R1,50,-1,0,2
31,223.9952105263158,0.028962035757789138,3.0,4.0,D2 R1,50,-1,0,2
32,142.09663157894735,0.0355548374788023,8.0,0.0,D3 R5,50,-1,0,2
32,214.70323684210527,0.03052547639499299,8.0,1.0,D3 R5,50,-1,0,2
32,127.5468157894737,0.03626746880647737,8.0,2.0,D3 R5,50,-1,0,2
32,168.39357894736844,0.03353893941471185,8.0,3.0,D3 R5,50,-1,0,2
32,141.62515789473684,0.03654276419427585,8.0,4.0,D3 R5,50,-1,0,2
33,110.93113157894737,0.04050968985686226,7.0,0.0,D3 R5,50,-1,0,2
33,79.50955263157894,0.04297591205106063,7.0,1.0,D3 R5,50,-1,0,2
33,82.69773684210527,0.045329312121364936,7.0,2.0,D3 R5,50,-1,0,2
33,108.3467894736842,0.04119726546071285,7.0,3.0,D3 R5,50,-1,0,2
33,116.49955263157892,0.03889460775564363,7.0,4.0,D3 R5,50,-1,0,2
34,205.95060526315785,0.02921044333795705,6.0,0.0,D3 R5,50,-1,0,2
34,117.51939473684212,0.038205936182179684,6.0,1.0,D3 R5,50,-1,0,2
34,184.11828947368423,0.03039151270209052,6.0,2.0,D3 R5,50,-1,0,2
34,175.1761578947368,0.032950778577512635,6.0,3.0,D3 R5,50,-1,0,2
34,192.48665789473682,0.03215653800221797,6.0,4.0,D3 R5,50,-1,0,2
35,160.4127631578947,0.034468586404920384,4.0,0.0,D3 R5,50,-1,0,2
35,164.34492105263155,0.03299346237600393,4.0,1.0,D3 R5,50,-1,0,2
35,184.00223684210525,0.03127260401330298,4.0,2.0,D3 R5,50,-1,0,2
35,96.40215789473686,0.041616775763275424,4.0,3.0,D3 R5,50,-1,0,2
35,166.45863157894738,0.03419144204536092,4.0,4.0,D3 R5,50,-1,0,2
36,70.05181578947368,0.04738135422855552,5.0,0.0,D3 R5,50,-1,0,2
36,97.65642105263157,0.041000084453666145,5.0,1.0,D3 R5,50,-1,0,2
36,107.91276315789476,0.04099414271383298,5.0,2.0,D3 R5,50,-1,0,2
36,50.309210526315795,0.05319438234456144,5.0,3.0,D3 R5,50,-1,0,2
36,101.99428947368422,0.04495418951693662,5.0,4.0,D3 R5,50,-1,0,2
37,211.28384210526318,0.026397268598733543,1.0,0.0,D3 R5,50,-1,0,2
37,174.19097368421052,0.031149297578150752,1.0,1.0,D3 R5,50,-1,0,2
37,128.39263157894737,0.035503457558595033,1.0,2.0,D3 R5,50,-1,0,2
37,172.0335,0.034152977912284735,1.0,3.0,D3 R5,50,-1,0,2
37,158.246,0.03606085192492333,1.0,4.0,D3 R5,50,-1,0,2
38,106.13255263157893,0.03766399965226867,2.0,0.0,D3 R5,50,-1,0,2
38,234.26163157894734,0.02680097467942747,2.0,1.0,D3 R5,50,-1,0,2
38,286.1383157894736,0.025544113437383942,2.0,2.0,D3 R5,50,-1,0,2
38,286.0981052631578,0.02455352003807982,2.0,3.0,D3 R5,50,-1,0,2
38,268.5017105263157,0.024808756049655163,2.0,4.0,D3 R5,50,-1,0,2
39,263.1792368421052,0.02292238953137858,3.0,0.0,D3 R5,50,-1,0,2
39,311.8026315789473,0.020825219103109586,3.0,1.0,D3 R5,50,-1,0,2
39,346.58410526315777,0.019688387890544303,3.0,2.0,D3 R5,50,-1,0,2
39,184.69873684210523,0.030986453791286866,3.0,3.0,D3 R5,50,-1,0,2
39,258.1347368421052,0.022819765330754218,3.0,4.0,D3 R5,50,-1,0,2
40,101.35513157894736,0.03995417648802895,8.0,0.0,D2 R5,50,-1,0,2
40,174.70684210526315,0.03227216110320888,8.0,1.0,D2 R5,50,-1,0,2
40,130.42863157894737,0.03401156211262165,8.0,2.0,D2 R5,50,-1,0,2
40,123.11605263157895,0.03511563801557644,8.0,3.0,D2 R5,50,-1,0,2
40,76.97778947368421,0.045911641321828886,8.0,4.0,D2 R5,50,-1,0,2
41,41.95002631578948,0.06072579257330868,7.0,0.0,D2 R5,50,-1,0,2
41,59.3898157894737,0.051452765903433936,7.0,1.0,D2 R5,50,-1,0,2
41,152.19744736842105,0.03576521042868769,7.0,2.0,D2 R5,50,-1,0,2
41,116.9153947368421,0.03929498586496023,7.0,3.0,D2 R5,50,-1,0,2
41,71.62618421052632,0.04916178278324122,7.0,4.0,D2 R5,50,-1,0,2
42,141.00242105263155,0.03578681298159283,6.0,0.0,D2 R5,50,-1,0,2
42,136.5981052631579,0.037332604221379184,6.0,1.0,D2 R5,50,-1,0,2
42,185.6145526315789,0.031435557130064705,6.0,2.0,D2 R5,50,-1,0,2
42,99.47860526315789,0.04209073351279863,6.0,3.0,D2 R5,50,-1,0,2
42,128.59573684210523,0.03806970298437537,6.0,4.0,D2 R5,50,-1,0,2
43,54.310894736842116,0.053104197083869355,4.0,0.0,D2 R5,50,-1,0,2
43,70.72084210526316,0.045282848379278436,4.0,1.0,D2 R5,50,-1,0,2
43,114.12181578947369,0.038520203714191674,4.0,2.0,D2 R5,50,-1,0,2
43,133.39523684210528,0.03696496900469424,4.0,3.0,D2 R5,50,-1,0,2
43,110.02757894736841,0.039123685184070674,4.0,4.0,D2 R5,50,-1,0,2
44,175.97571052631577,0.029254317577973143,5.0,0.0,D2 R5,50,-1,0,2
44,195.18163157894736,0.029877838765671773,5.0,1.0,D2 R5,50,-1,0,2
44,227.44673684210522,0.028817766094187094,5.0,2.0,D2 R5,50,-1,0,2
44,127.99068421052631,0.03265554086262346,5.0,3.0,D2 R5,50,-1,0,2
44,176.41278947368417,0.02991245305295821,5.0,4.0,D2 R5,50,-1,0,2
45,190.33399999999995,0.03018866116868872,1.0,0.0,D2 R5,50,-1,0,2
45,205.17594736842102,0.03076539206690646,1.0,1.0,D2 R5,50,-1,0,2
45,189.9799736842105,0.03170202441170837,1.0,2.0,D2 R5,50,-1,0,2
45,144.20057894736846,0.03480236543525738,1.0,3.0,D2 R5,50,-1,0,2
45,187.37900000000002,0.029858513311525,1.0,4.0,D2 R5,50,-1,0,2
46,175.9733421052631,0.029629364458711335,2.0,0.0,D2 R5,50,-1,0,2
46,147.7777105263158,0.034716276807086624,2.0,1.0,D2 R5,50,-1,0,2
46,144.16363157894736,0.03239547970416796,2.0,2.0,D2 R5,50,-1,0,2
46,181.34868421052627,0.0301704414977011,2.0,3.0,D2 R5,50,-1,0,2
46,246.65552631578942,0.026873994215541396,2.0,4.0,D2 R5,50,-1,0,2
47,178.50360526315785,0.03159922046620805,3.0,0.0,D2 R5,50,-1,0,2
47,137.4178684210526,0.034324244195789486,3.0,1.0,D2 R5,50,-1,0,2
47,183.56963157894737,0.03068470140439708,3.0,2.0,D2 R5,50,-1,0,2
47,210.5370526315789,0.029147513827544012,3.0,3.0,D2 R5,50,-1,0,2
47,215.65923684210517,0.02653128216875326,3.0,4.0,D2 R5,50,-1,0,2
48,15.268763157894739,0.09495772678063784,8.0,0.0,D3 R2,50,-1,0,2
48,15.107710526315792,0.09522393602288111,8.0,1.0,D3 R2,50,-1,0,2
48,27.206184210526324,0.07529753539502537,8.0,2.0,D3 R2,50,-1,0,2
48,17.716631578947368,0.08747843818229956,8.0,3.0,D3 R2,50,-1,0,2
48,17.863026315789472,0.0897199918583265,8.0,4.0,D3 R2,50,-1,0,2
49,79.42586842105263,0.047882716102838625,7.0,0.0,D3 R2,50,-1,0,2
49,70.9629210526316,0.049158944257927446,7.0,1.0,D3 R2,50,-1,0,2
49,105.00994736842105,0.04000700683090235,7.0,2.0,D3 R2,50,-1,0,2
49,109.98149999999998,0.04132688419589264,7.0,3.0,D3 R2,50,-1,0,2
49,97.36026315789475,0.041709056922482446,7.0,4.0,D3 R2,50,-1,0,2
50,45.42244736842106,0.05712734232394529,6.0,0.0,D3 R2,50,-1,0,2
50,25.512868421052634,0.07293286576425786,6.0,1.0,D3 R2,50,-1,0,2
50,34.592131578947374,0.06460494693887667,6.0,2.0,D3 R2,50,-1,0,2
50,69.51607894736841,0.04775306910993556,6.0,3.0,D3 R2,50,-1,0,2
50,25.47689473684211,0.0762115145145295,6.0,4.0,D3 R2,50,-1,0,2
51,75.80823684210529,0.05105554454521923,4.0,0.0,D3 R2,50,-1,0,2
51,57.932184210526316,0.05281741861489706,4.0,1.0,D3 R2,50,-1,0,2
51,67.77384210526316,0.05114388548165523,4.0,2.0,D3 R2,50,-1,0,2
51,130.99365789473683,0.03910783532661349,4.0,3.0,D3 R2,50,-1,0,2
51,103.89836842105262,0.0396786346075735,4.0,4.0,D3 R2,50,-1,0,2
52,123.41371052631582,0.04171398375177339,5.0,0.0,D3 R2,50,-1,0,2
52,91.83947368421055,0.04569373309073481,5.0,1.0,D3 R2,50,-1,0,2
52,115.99199999999999,0.04331829947322584,5.0,2.0,D3 R2,50,-1,0,2
52,72.77436842105261,0.04931235594405791,5.0,3.0,D3 R2,50,-1,0,2
52,122.57028947368423,0.039851655324879096,5.0,4.0,D3 R2,50,-1,0,2
53,78.09465789473686,0.04924314637971423,1.0,0.0,D3 R2,50,-1,0,2
53,110.82447368421055,0.04582048254327552,1.0,1.0,D3 R2,50,-1,0,2
53,80.96428947368425,0.0508818868826853,1.0,2.0,D3 R2,50,-1,0,2
53,87.3669210526316,0.04442435367505062,1.0,3.0,D3 R2,50,-1,0,2
53,72.25097368421052,0.05292167748067347,1.0,4.0,D3 R2,50,-1,0,2
54,58.589526315789485,0.05448500390905309,2.0,0.0,D3 R2,50,-1,0,2
54,72.7618157894737,0.05190027126995327,2.0,1.0,D3 R2,50,-1,0,2
54,68.0178947368421,0.051654952057108336,2.0,2.0,D3 R2,50,-1,0,2
54,97.39886842105263,0.04352562765955128,2.0,3.0,D3 R2,50,-1,0,2
54,94.40665789473687,0.0493664501346002,2.0,4.0,D3 R2,50,-1,0,2
55,71.1947105263158,0.048972330222522835,3.0,0.0,D3 R2,50,-1,0,2
55,53.259868421052616,0.05505805925744817,3.0,1.0,D3 R2,50,-1,0,2
55,64.01215789473686,0.055577729377603066,3.0,2.0,D3 R2,50,-1,0,2
55,105.3803157894737,0.04544784841120377,3.0,3.0,D3 R2,50,-1,0,2
55,72.8965263157895,0.05853388227310077,3.0,4.0,D3 R2,50,-1,0,2
56,87.02876315789476,0.04782252001988846,8.0,0.0,D2 R2,50,-1,0,2
56,124.36915789473684,0.04369545670076111,8.0,1.0,D2 R2,50,-1,0,2
56,89.26118421052634,0.04665217259417008,8.0,2.0,D2 R2,50,-1,0,2
56,122.30902631578948,0.040735405591426986,8.0,3.0,D2 R2,50,-1,0,2
56,129.99318421052632,0.040933785461935566,8.0,4.0,D2 R2,50,-1,0,2
57,164.7267105263158,0.03509729748654056,7.0,0.0,D2 R2,50,-1,0,2
57,196.58113157894735,0.032776228633491424,7.0,1.0,D2 R2,50,-1,0,2
57,109.76773684210528,0.044273826863648856,7.0,2.0,D2 R2,50,-1,0,2
57,147.91171052631574,0.03877922452612539,7.0,3.0,D2 R2,50,-1,0,2
57,57.565157894736856,0.05443037306932018,7.0,4.0,D2 R2,50,-1,0,2
58,243.14644736842106,0.027780613120915114,6.0,0.0,D2 R2,50,-1,0,2
58,215.29707894736848,0.03031969547205258,6.0,1.0,D2 R2,50,-1,0,2
58,172.2116842105263,0.03353596593331304,6.0,2.0,D2 R2,50,-1,0,2
58,147.27128947368422,0.036631522232261,6.0,3.0,D2 R2,50,-1,0,2
58,89.52892105263157,0.043626555167575104,6.0,4.0,D2 R2,50,-1,0,2
59,93.55697368421052,0.0448902863839645,4.0,0.0,D2 R2,50,-1,0,2
59,99.06655263157896,0.045598717907329854,4.0,1.0,D2 R2,50,-1,0,2
59,82.91399999999999,0.04619045541824796,4.0,2.0,D2 R2,50,-1,0,2
59,164.91494736842105,0.03826889028948866,4.0,3.0,D2 R2,50,-1,0,2
59,165.84592105263158,0.03535940811696756,4.0,4.0,D2 R2,50,-1,0,2
60,27.000947368421055,0.06849795526398039,5.0,0.0,D2 R2,50,-1,0,2
60,95.94447368421055,0.045478823722719754,5.0,1.0,D2 R2,50,-1,0,2
60,78.50155263157896,0.05014677901902953,5.0,2.0,D2 R2,50,-1,0,2
60,67.90965789473685,0.05155866948333682,5.0,3.0,D2 R2,50,-1,0,2
60,52.829657894736854,0.05450275730654938,5.0,4.0,D2 R2,50,-1,0,2
61,169.2833157894737,0.035116274016914514,1.0,0.0,D2 R2,50,-1,0,2
61,160.1536842105263,0.03618889443368518,1.0,1.0,D2 R2,50,-1,0,2
61,136.6014736842105,0.039647900637117574,1.0,2.0,D2 R2,50,-1,0,2
61,129.44510526315787,0.04188128337941573,1.0,3.0,D2 R2,50,-1,0,2
61,119.27713157894738,0.041740828275830304,1.0,4.0,D2 R2,50,-1,0,2
62,154.08149999999998,0.03637351914149691,2.0,0.0,D2 R2,50,-1,0,2
62,192.81599999999995,0.03393748326088872,2.0,1.0,D2 R2,50,-1,0,2
62,187.7185,0.030306690657591742,2.0,2.0,D2 R2,50,-1,0,2
62,180.87981578947367,0.03415462538080379,2.0,3.0,D2 R2,50,-1,0,2
62,190.2769210526316,0.03385550095033801,2.0,4.0,D2 R2,50,-1,0,2
63,114.35023684210532,0.04810209954471239,3.0,0.0,D2 R2,50,-1,0,2
63,195.34502631578943,0.02959238901364041,3.0,1.0,D2 R2,50,-1,0,2
63,202.73686842105258,0.031190322518957137,3.0,2.0,D2 R2,50,-1,0,2
63,199.9270789473684,0.031859749352574386,3.0,3.0,D2 R2,50,-1,0,2
63,227.21013157894737,0.03134575633866908,3.0,4.0,D2 R2,50,-1,0,2
64,59.81507894736843,0.04922597210456986,8.0,0.0,D3 R6,50,-1,0,2
64,63.15878947368422,0.04656280942562045,8.0,1.0,D3 R6,50,-1,0,2
64,114.44349999999997,0.0383765649071412,8.0,2.0,D3 R6,50,-1,0,2
64,182.05405263157888,0.032386510777365464,8.0,3.0,D3 R6,50,-1,0,2
64,131.23747368421053,0.03513880765370533,8.0,4.0,D3 R6,50,-1,0,2
65,89.31976315789473,0.04091871291331137,7.0,0.0,D3 R6,50,-1,0,2
65,63.31700000000001,0.05027817700655518,7.0,1.0,D3 R6,50,-1,0,2
65,86.75115789473685,0.04181287045556753,7.0,2.0,D3 R6,50,-1,0,2
65,68.4737894736842,0.047421330100245546,7.0,3.0,D3 R6,50,-1,0,2
65,149.0348684210526,0.034404495655795335,7.0,4.0,D3 R6,50,-1,0,2
66,146.7296315789474,0.037309131059136344,6.0,0.0,D3 R6,50,-1,0,2
66,176.18723684210528,0.032619288857057664,6.0,1.0,D3 R6,50,-1,0,2
66,146.2258684210526,0.03705148678703992,6.0,2.0,D3 R6,50,-1,0,2
66,197.92447368421057,0.033772048302366804,6.0,3.0,D3 R6,50,-1,0,2
66,120.43015789473681,0.03992462167024836,6.0,4.0,D3 R6,50,-1,0,2
67,126.06944736842104,0.034938836545726236,4.0,0.0,D3 R6,50,-1,0,2
67,53.51152631578948,0.05150024876899818,4.0,1.0,D3 R6,50,-1,0,2
67,68.07165789473686,0.044823909083041444,4.0,2.0,D3 R6,50,-1,0,2
67,204.99394736842106,0.029642391922582202,4.0,3.0,D3 R6,50,-1,0,2
67,145.98378947368417,0.03277559476483021,4.0,4.0,D3 R6,50,-1,0,2
68,67.97273684210526,0.0468286238731229,5.0,0.0,D3 R6,50,-1,0,2
68,61.703421052631576,0.04987746411549807,5.0,1.0,D3 R6,50,-1,0,2
68,52.68468421052633,0.05130855212121683,5.0,2.0,D3 R6,50,-1,0,2
68,53.39121052631579,0.04982290312597488,5.0,3.0,D3 R6,50,-1,0,2
68,159.3012105263158,0.03451530733519859,5.0,4.0,D3 R6,50,-1,0,2
69,108.2165,0.03858559754558867,1.0,0.0,D3 R6,50,-1,0,2
69,152.65528947368415,0.03426866517304667,1.0,1.0,D3 R6,50,-1,0,2
69,115.36915789473684,0.03546535705793102,1.0,2.0,D3 R6,50,-1,0,2
69,101.88686842105263,0.03860015483011159,1.0,3.0,D3 R6,50,-1,0,2
69,107.98842105263158,0.038904123395528595,1.0,4.0,D3 R6,50,-1,0,2
70,40.74260526315789,0.05867438553581572,2.0,0.0,D3 R6,50,-1,0,2
70,79.68305263157895,0.04423178530225669,2.0,1.0,D3 R6,50,-1,0,2
70,53.078552631578944,0.056683138459294645,2.0,2.0,D3 R6,50,-1,0,2
70,91.6676052631579,0.041425424433235256,2.0,3.0,D3 R6,50,-1,0,2
70,152.9481315789474,0.03538018190270006,2.0,4.0,D3 R6,50,-1,0,2
71,79.3978947368421,0.044125258468399334,3.0,0.0,D3 R6,50,-1,0,2
71,125.35765789473686,0.03669718678598593,3.0,1.0,D3 R6,50,-1,0,2
71,131.41,0.03991757435494136,3.0,2.0,D3 R6,50,-1,0,2
71,93.4145,0.04111183736766277,3.0,3.0,D3 R6,50,-1,0,2
71,175.97373684210527,0.031160633992319924,3.0,4.0,D3 R6,50,-1,0,2
72,93.56392105263157,0.04387022854862495,8.0,0.0,D2 R6,50,-1,0,2
72,74.76268421052633,0.04704629505196285,8.0,1.0,D2 R6,50,-1,0,2
72,153.04844736842108,0.034063921702775994,8.0,2.0,D2 R6,50,-1,0,2
72,135.57326315789476,0.03701705641152416,8.0,3.0,D2 R6,50,-1,0,2
72,168.57868421052635,0.03570209922674962,8.0,4.0,D2 R6,50,-1,0,2
73,176.45739473684205,0.03710908901515403,7.0,0.0,D2 R6,50,-1,0,2
73,115.73492105263158,0.040029853817818276,7.0,1.0,D2 R6,50,-1,0,2
73,254.49584210526308,0.03304583717460698,7.0,2.0,D2 R6,50,-1,0,2
73,189.4535526315789,0.0342622736162065,7.0,3.0,D2 R6,50,-1,0,2
73,181.03750000000002,0.03523525997784566,7.0,4.0,D2 R6,50,-1,0,2
74,70.64536842105264,0.04836967740765672,6.0,0.0,D2 R6,50,-1,0,2
74,94.63728947368423,0.04459964255847226,6.0,1.0,D2 R6,50,-1,0,2
74,136.03286842105263,0.03983788130289563,6.0,2.0,D2 R6,50,-1,0,2
74,127.69826315789473,0.03942841702696265,6.0,3.0,D2 R6,50,-1,0,2
74,50.477763157894735,0.05849868005234849,6.0,4.0,D2 R6,50,-1,0,2
75,81.07776315789474,0.04316805881597015,4.0,0.0,D2 R6,50,-1,0,2
75,62.12476315789473,0.04805197944447092,4.0,1.0,D2 R6,50,-1,0,2
75,149.92399999999998,0.037017449280664076,4.0,2.0,D2 R6,50,-1,0,2
75,89.52923684210528,0.04830413157716246,4.0,3.0,D2 R6,50,-1,0,2
75,85.84513157894739,0.05173023596523982,4.0,4.0,D2 R6,50,-1,0,2
76,112.4235789473684,0.038819107797499745,5.0,0.0,D2 R6,50,-1,0,2
76,194.0640526315789,0.034696732225770396,5.0,1.0,D2 R6,50,-1,0,2
76,166.27207894736844,0.0333079987980893,5.0,2.0,D2 R6,50,-1,0,2
76,159.07197368421055,0.03730090732114448,5.0,3.0,D2 R6,50,-1,0,2
76,71.86284210526317,0.04767118155916149,5.0,4.0,D2 R6,50,-1,0,2
77,66.5129210526316,0.04862937167467502,1.0,0.0,D2 R6,50,-1,0,2
77,86.79697368421054,0.048219589472166466,1.0,1.0,D2 R6,50,-1,0,2
77,104.83302631578947,0.04155833932999532,1.0,2.0,D2 R6,50,-1,0,2
77,53.54292105263159,0.055298641490478966,1.0,3.0,D2 R6,50,-1,0,2
77,121.90934210526318,0.04235024536585917,1.0,4.0,D2 R6,50,-1,0,2
78,184.63536842105265,0.0320859681018116,2.0,0.0,D2 R6,50,-1,0,2
78,94.50184210526315,0.04300850669576248,2.0,1.0,D2 R6,50,-1,0,2
78,125.63742105263155,0.04225583685033864,2.0,2.0,D2 R6,50,-1,0,2
78,85.82615789473687,0.04777988325401511,2.0,3.0,D2 R6,50,-1,0,2
78,82.28139473684212,0.050519503378464135,2.0,4.0,D2 R6,50,-1,0,2
79,108.91476315789475,0.0426379584245653,3.0,0.0,D2 R6,50,-1,0,2
79,122.44565789473683,0.04089905484214286,3.0,1.0,D2 R6,50,-1,0,2
79,112.79631578947368,0.042400682388801375,3.0,2.0,D2 R6,50,-1,0,2
79,86.24823684210529,0.04900856389632384,3.0,3.0,D2 R6,50,-1,0,2
79,69.7047105263158,0.04923852988752574,3.0,4.0,D2 R6,50,-1,0,2
80,61.929000000000016,0.058790106838224596,8.0,0.0,D3 R4,50,-1,0,2
80,56.14081578947369,0.05151858040963302,8.0,1.0,D3 R4,50,-1,0,2
80,23.430342105263165,0.08359172520977007,8.0,2.0,D3 R4,50,-1,0,2
80,45.361342105263155,0.05788371306531005,8.0,3.0,D3 R4,50,-1,0,2
80,122.80507894736844,0.03868712842557812,8.0,4.0,D3 R4,50,-1,0,2
81,60.47718421052632,0.052688751841708285,7.0,0.0,D3 R4,50,-1,0,2
81,56.06365789473685,0.05818361838828403,7.0,1.0,D3 R4,50,-1,0,2
81,111.61718421052632,0.04143145475617887,7.0,2.0,D3 R4,50,-1,0,2
81,98.22705263157894,0.041795679308563295,7.0,3.0,D3 R4,50,-1,0,2
81,67.65923684210527,0.05228492417895327,7.0,4.0,D3 R4,50,-1,0,2
82,101.769,0.04203319902106665,6.0,0.0,D3 R4,50,-1,0,2
82,37.67510526315791,0.060584831553817456,6.0,1.0,D3 R4,50,-1,0,2
82,34.565842105263165,0.07389434088587875,6.0,2.0,D3 R4,50,-1,0,2
82,71.7783947368421,0.05076656832831814,6.0,3.0,D3 R4,50,-1,0,2
82,131.14286842105264,0.03323273717202058,6.0,4.0,D3 R4,50,-1,0,2
83,33.20618421052632,0.0719036318378157,4.0,0.0,D3 R4,50,-1,0,2
83,59.0015,0.052554044864110576,4.0,1.0,D3 R4,50,-1,0,2
83,47.55750000000001,0.05841496530637636,4.0,2.0,D3 R4,50,-1,0,2
83,67.15363157894738,0.054102824796580906,4.0,3.0,D3 R4,50,-1,0,2
83,114.07844736842105,0.04052463256928243,4.0,4.0,D3 R4,50,-1,0,2
84,155.4131578947368,0.034468611519111146,5.0,0.0,D3 R4,50,-1,0,2
84,127.06515789473687,0.0380509890815351,5.0,1.0,D3 R4,50,-1,0,2
84,112.37126315789475,0.039727525920820614,5.0,2.0,D3 R4,50,-1,0,2
84,113.69739473684211,0.039239065911777386,5.0,3.0,D3 R4,50,-1,0,2
84,165.7265263157895,0.03405729854946712,5.0,4.0,D3 R4,50,-1,0,2
85,280.0410526315789,0.022609306666115117,1.0,0.0,D3 R4,50,-1,0,2
85,316.0759999999999,0.024725172219303912,1.0,1.0,D3 R4,50,-1,0,2
85,344.9206315789473,0.022388999821773864,1.0,2.0,D3 R4,50,-1,0,2
85,260.9932368421053,0.027109274102828193,1.0,3.0,D3 R4,50,-1,0,2
85,255.93028947368418,0.026548536536761626,1.0,4.0,D3 R4,50,-1,0,2
86,196.39515789473685,0.029720075617952958,2.0,0.0,D3 R4,50,-1,0,2
86,265.4821052631578,0.025478536401734597,2.0,1.0,D3 R4,50,-1,0,2
86,337.0492368421052,0.02330430690283679,2.0,2.0,D3 R4,50,-1,0,2
86,176.34202631578947,0.03174384578390518,2.0,3.0,D3 R4,50,-1,0,2
86,321.5311052631578,0.024417741665298226,2.0,4.0,D3 R4,50,-1,0,2
87,215.27963157894732,0.027178127663043637,3.0,0.0,D3 R4,50,-1,0,2
87,316.20136842105256,0.025314517420716654,3.0,1.0,D3 R4,50,-1,0,2
87,209.53784210526317,0.02752868687583978,3.0,2.0,D3 R4,50,-1,0,2
87,201.7990263157895,0.029765914991662167,3.0,3.0,D3 R4,50,-1,0,2
87,283.2796842105262,0.026015896482844747,3.0,4.0,D3 R4,50,-1,0,2
88,61.972500000000004,0.05045527489314608,8.0,0.0,D2 R4,50,-1,0,2
88,62.939815789473684,0.051239055314024715,8.0,1.0,D2 R4,50,-1,0,2
88,52.37073684210528,0.05408342278830562,8.0,2.0,D2 R4,50,-1,0,2
88,62.50357894736842,0.05074880769037298,8.0,3.0,D2 R4,50,-1,0,2
88,79.52931578947367,0.043596511525287374,8.0,4.0,D2 R4,50,-1,0,2
89,169.09936842105265,0.03448287342372714,7.0,0.0,D2 R4,50,-1,0,2
89,202.9751315789473,0.0325349535030555,7.0,1.0,D2 R4,50,-1,0,2
89,78.80423684210527,0.04559765858181804,7.0,2.0,D2 R4,50,-1,0,2
89,94.84828947368419,0.041712091121236916,7.0,3.0,D2 R4,50,-1,0,2
89,218.360947368421,0.0319885605418588,7.0,4.0,D2 R4,50,-1,0,2
90,53.87673684210527,0.049647381951378244,6.0,0.0,D2 R4,50,-1,0,2
90,61.177000000000014,0.04723107646970938,6.0,1.0,D2 R4,50,-1,0,2
90,81.44121052631581,0.04505295821942584,6.0,2.0,D2 R4,50,-1,0,2
90,191.40352631578943,0.030789462438144587,6.0,3.0,D2 R4,50,-1,0,2
90,154.0381842105263,0.033558580483979396,6.0,4.0,D2 R4,50,-1,0,2
91,255.96273684210524,0.025839934521327285,4.0,0.0,D2 R4,50,-1,0,2
91,228.10589473684206,0.028076857072099275,4.0,1.0,D2 R4,50,-1,0,2
91,211.75389473684208,0.02867274638121627,4.0,2.0,D2 R4,50,-1,0,2
91,287.62434210526317,0.02489093244548183,4.0,3.0,D2 R4,50,-1,0,2
91,315.5790263157894,0.024416812812536312,4.0,4.0,D2 R4,50,-1,0,2
92,249.34710526315789,0.027780532104135794,5.0,0.0,D2 R4,50,-1,0,2
92,151.24913157894738,0.032853073615468305,5.0,1.0,D2 R4,50,-1,0,2
92,234.66126315789475,0.027245097909730537,5.0,2.0,D2 R4,50,-1,0,2
92,187.00639473684208,0.03105050728683966,5.0,3.0,D2 R4,50,-1,0,2
92,122.57265789473684,0.036930307951997414,5.0,4.0,D2 R4,50,-1,0,2
93,223.63857894736847,0.027095258756679414,1.0,0.0,D2 R4,50,-1,0,2
93,196.53281578947363,0.030471286606889834,1.0,1.0,D2 R4,50,-1,0,2
93,372.4186842105262,0.023154717186306528,1.0,2.0,D2 R4,50,-1,0,2
93,257.0528157894736,0.02542611914205623,1.0,3.0,D2 R4,50,-1,0,2
93,207.5767368421053,0.027763762777147233,1.0,4.0,D2 R4,50,-1,0,2
94,338.70505263157884,0.023350485056087597,2.0,0.0,D2 R4,50,-1,0,2
94,166.8154736842105,0.0330292250763059,2.0,1.0,D2 R4,50,-1,0,2
94,265.1258157894736,0.024036783619257433,2.0,2.0,D2 R4,50,-1,0,2
94,268.6106052631578,0.024047693262484387,2.0,3.0,D2 R4,50,-1,0,2
94,321.43734210526304,0.021928246434445006,2.0,4.0,D2 R4,50,-1,0,2
95,195.21407894736842,0.02897095331075717,3.0,0.0,D2 R4,50,-1,0,2
95,201.56034210526315,0.030108995214018407,3.0,1.0,D2 R4,50,-1,0,2
95,205.71178947368415,0.030417353171523956,3.0,2.0,D2 R4,50,-1,0,2
95,172.97634210526314,0.032718332260798046,3.0,3.0,D2 R4,50,-1,0,2
95,190.93099999999995,0.031198081525291348,3.0,4.0,D2 R4,50,-1,0,2
96,137.42223684210526,0.0354388836404903,8.0,0.0,D1 R5,50,-1,0,2
96,183.0151052631579,0.03139156025752243,8.0,1.0,D1 R5,50,-1,0,2
96,141.40363157894737,0.03621343317585716,8.0,2.0,D1 R5,50,-1,0,2
96,183.15521052631578,0.03258594007090649,8.0,3.0,D1 R5,50,-1,0,2
96,171.8837368421053,0.034118286581016594,8.0,4.0,D1 R5,50,-1,0,2
97,83.10386842105262,0.04893622184909932,7.0,0.0,D1 R5,50,-1,0,2
97,68.603,0.05089633222884564,7.0,1.0,D1 R5,50,-1,0,2
97,106.49692105263156,0.04144844192427669,7.0,2.0,D1 R5,50,-1,0,2
97,76.38263157894738,0.04888517200083525,7.0,3.0,D1 R5,50,-1,0,2
97,88.05602631578948,0.04612927456940083,7.0,4.0,D1 R5,50,-1,0,2
98,48.90060526315791,0.06283098508682329,6.0,0.0,D1 R5,50,-1,0,2
98,90.0043157894737,0.045246868243808615,6.0,1.0,D1 R5,50,-1,0,2
98,63.18244736842105,0.053200591893693576,6.0,2.0,D1 R5,50,-1,0,2
98,92.40331578947371,0.04662586842781806,6.0,3.0,D1 R5,50,-1,0,2
98,72.20928947368421,0.04949681010455438,6.0,4.0,D1 R5,50,-1,0,2
99,181.99476315789468,0.02837617680330278,4.0,0.0,D1 R5,50,-1,0,2
99,193.19963157894733,0.02817804247215066,4.0,1.0,D1 R5,50,-1,0,2
99,167.7307105263158,0.031870556015234836,4.0,2.0,D1 R5,50,-1,0,2
99,140.3442105263158,0.03405154862835052,4.0,3.0,D1 R5,50,-1,0,2
99,136.4855789473684,0.03520115326428573,4.0,4.0,D1 R5,50,-1,0,2
100,99.07852631578947,0.04215903227981026,5.0,0.0,D1 R5,50,-1,0,2
100,81.91963157894739,0.047883341617227744,5.0,1.0,D1 R5,50,-1,0,2
100,101.99400000000001,0.04023821897062516,5.0,2.0,D1 R5,50,-1,0,2
100,120.224,0.039831570601979775,5.0,3.0,D1 R5,50,-1,0,2
100,115.6245,0.03951211287329382,5.0,4.0,D1 R5,50,-1,0,2
101,77.8498157894737,0.04752417375833843,1.0,0.0,D1 R5,50,-1,0,2
101,86.75486842105263,0.04162674218360049,1.0,1.0,D1 R5,50,-1,0,2
101,80.57531578947366,0.04116456989213457,1.0,2.0,D1 R5,50,-1,0,2
101,88.3661052631579,0.04436488170312028,1.0,3.0,D1 R5,50,-1,0,2
101,96.34176315789476,0.04114643887547214,1.0,4.0,D1 R5,50,-1,0,2
102,131.38926315789473,0.040942133679735204,2.0,0.0,D1 R5,50,-1,0,2
102,103.15100000000001,0.04610702802438038,2.0,1.0,D1 R5,50,-1,0,2
102,124.04786842105263,0.035703796441448776,2.0,2.0,D1 R5,50,-1,0,2
102,120.14844736842107,0.041850524641184404,2.0,3.0,D1 R5,50,-1,0,2
102,173.031,0.02966657977722862,2.0,4.0,D1 R5,50,-1,0,2
103,56.85389473684211,0.05465282646344299,3.0,0.0,D1 R5,50,-1,0,2
103,50.98326315789475,0.056634669623156636,3.0,1.0,D1 R5,50,-1,0,2
103,136.8375,0.03593790813329611,3.0,2.0,D1 R5,50,-1,0,2
103,135.1011052631579,0.0362670009803789,3.0,3.0,D1 R5,50,-1,0,2
103,128.73707894736842,0.03814883286227067,3.0,4.0,D1 R5,50,-1,0,2
104,23.290605263157897,0.07804614995978794,8.0,0.0,D1 R1,50,-1,0,2
104,44.95436842105263,0.059779659475281466,8.0,1.0,D1 R1,50,-1,0,2
104,85.06518421052633,0.045992810771459496,8.0,2.0,D1 R1,50,-1,0,2
104,52.288368421052645,0.05808540671876381,8.0,3.0,D1 R1,50,-1,0,2
104,145.88944736842106,0.03693432537060502,8.0,4.0,D1 R1,50,-1,0,2
105,49.78302631578948,0.051495316867456786,7.0,0.0,D1 R1,50,-1,0,2
105,61.0305,0.04944686423092438,7.0,1.0,D1 R1,50,-1,0,2
105,149.62384210526318,0.03665645423549739,7.0,2.0,D1 R1,50,-1,0,2
105,165.09142105263157,0.0353070867385178,7.0,3.0,D1 R1,50,-1,0,2
105,123.51171052631578,0.039852915171232205,7.0,4.0,D1 R1,50,-1,0,2
106,189.76457894736842,0.03167648314582183,6.0,0.0,D1 R1,50,-1,0,2
106,186.54157894736838,0.03351392504236339,6.0,1.0,D1 R1,50,-1,0,2
106,261.30468421052626,0.03129676002984415,6.0,2.0,D1 R1,50,-1,0,2
106,80.70357894736841,0.04650778089965728,6.0,3.0,D1 R1,50,-1,0,2
106,75.42942105263155,0.04493963710778605,6.0,4.0,D1 R1,50,-1,0,2
107,227.32942105263152,0.03165659860845861,4.0,0.0,D1 R1,50,-1,0,2
107,155.53726315789476,0.03471474576325171,4.0,1.0,D1 R1,50,-1,0,2
107,185.13034210526317,0.03155444224645342,4.0,2.0,D1 R1,50,-1,0,2
107,128.72715789473685,0.03719511796666354,4.0,3.0,D1 R1,50,-1,0,2
107,176.60484210526315,0.033731129945850064,4.0,4.0,D1 R1,50,-1,0,2
108,135.5091052631579,0.03746832919307686,5.0,0.0,D1 R1,50,-1,0,2
108,99.60555263157895,0.04127807950529469,5.0,1.0,D1 R1,50,-1,0,2
108,78.6491842105263,0.04366191568044658,5.0,2.0,D1 R1,50,-1,0,2
108,127.02249999999997,0.037508784751282005,5.0,3.0,D1 R1,50,-1,0,2
108,208.55049999999994,0.03117692564254492,5.0,4.0,D1 R1,50,-1,0,2
109,376.2734210526314,0.021009445837632933,1.0,0.0,D1 R1,50,-1,0,2
109,361.61799999999994,0.02072482453003049,1.0,1.0,D1 R1,50,-1,0,2
109,298.6912368421051,0.02071812373188095,1.0,2.0,D1 R1,50,-1,0,2
109,355.45615789473675,0.02419624865043055,1.0,3.0,D1 R1,50,-1,0,2
109,359.28647368421036,0.02321956501414234,1.0,4.0,D1 R1,50,-1,0,2
110,256.50086842105264,0.026502129742464593,2.0,0.0,D1 R1,50,-1,0,2
110,253.4233421052631,0.026095552098684933,2.0,1.0,D1 R1,50,-1,0,2
110,223.06426315789471,0.02850486545435071,2.0,2.0,D1 R1,50,-1,0,2
110,221.9496315789473,0.02870508656074448,2.0,3.0,D1 R1,50,-1,0,2
110,258.39421052631576,0.025870495713775064,2.0,4.0,D1 R1,50,-1,0,2
111,125.17123684210526,0.03536839657737249,3.0,0.0,D1 R1,50,-1,0,2
111,149.73534210526316,0.033248742504286444,3.0,1.0,D1 R1,50,-1,0,2
111,213.94618421052627,0.03102220297726012,3.0,2.0,D1 R1,50,-1,0,2
111,137.29313157894737,0.031889878255961644,3.0,3.0,D1 R1,50,-1,0,2
111,217.5486842105263,0.02864942361870846,3.0,4.0,D1 R1,50,-1,0,2
112,64.03039473684214,0.06291720585216552,9.0,0.0,D1 R3,50,-1,0,2
112,83.57584210526316,0.05134665738270343,9.0,1.0,D1 R3,50,-1,0,2
112,91.95294736842108,0.04773340381048874,9.0,2.0,D1 R3,50,-1,0,2
112,175.15768421052633,0.03271972390485551,9.0,3.0,D1 R3,50,-1,0,2
112,178.73692105263157,0.03199519527641023,9.0,4.0,D1 R3,50,-1,0,2
113,70.9265263157895,0.05431945175841875,14.0,0.0,D1 R3,50,-1,0,2
113,68.86084210526317,0.05616465208691603,14.0,1.0,D1 R3,50,-1,0,2
113,49.2768157894737,0.06328765726685474,14.0,2.0,D1 R3,50,-1,0,2
113,260.1384210526316,0.027629724248530992,14.0,3.0,D1 R3,50,-1,0,2
113,85.71144736842106,0.047035993614367916,14.0,4.0,D1 R3,50,-1,0,2
114,97.31907894736844,0.047826332006970784,16.0,0.0,D1 R3,50,-1,0,2
114,67.31655263157894,0.05173053048184909,16.0,1.0,D1 R3,50,-1,0,2
114,92.94723684210527,0.045665606811137016,16.0,2.0,D1 R3,50,-1,0,2
114,101.69878947368422,0.042265050426263856,16.0,3.0,D1 R3,50,-1,0,2
114,42.41313157894737,0.06146041504682938,16.0,4.0,D1 R3,50,-1,0,2
115,109.2198157894737,0.04581533223267108,12.0,0.0,D1 R3,50,-1,0,2
115,134.671,0.037806865408575745,12.0,1.0,D1 R3,50,-1,0,2
115,131.72423684210523,0.0397182249870495,12.0,2.0,D1 R3,50,-1,0,2
115,77.53457894736842,0.04805578403794267,12.0,3.0,D1 R3,50,-1,0,2
115,132.95168421052628,0.03793658599276829,12.0,4.0,D1 R3,50,-1,0,2
116,64.59176315789475,0.051014825936917224,13.0,0.0,D1 R3,50,-1,0,2
116,69.07847368421051,0.04968494577399775,13.0,1.0,D1 R3,50,-1,0,2
116,115.15847368421053,0.03955177363638619,13.0,2.0,D1 R3,50,-1,0,2
116,156.80005263157892,0.03629643839887342,13.0,3.0,D1 R3,50,-1,0,2
116,95.09255263157894,0.04125796741656405,13.0,4.0,D1 R3,50,-1,0,2
117,90.7655,0.04391432337841419,11.0,0.0,D1 R3,50,-1,0,2
117,130.8898157894737,0.03987872456749582,11.0,1.0,D1 R3,50,-1,0,2
117,99.75678947368421,0.04258276119800756,11.0,2.0,D1 R3,50,-1,0,2
117,108.49960526315789,0.04727940832459249,11.0,3.0,D1 R3,50,-1,0,2
117,168.71926315789472,0.03449990465280493,11.0,4.0,D1 R3,50,-1,0,2
118,61.01465789473685,0.0555410618982632,10.0,0.0,D1 R3,50,-1,0,2
118,60.68155263157896,0.052290702048984054,10.0,1.0,D1 R3,50,-1,0,2
118,78.43668421052635,0.055993921563662286,10.0,2.0,D1 R3,50,-1,0,2
118,119.49792105263161,0.038271256292049596,10.0,3.0,D1 R3,50,-1,0,2
118,95.73905263157897,0.044131116025566935,10.0,4.0,D1 R3,50,-1,0,2
119,154.94389473684208,0.035702846011157134,8.0,0.0,D1 R4,50,-1,0,2
119,142.27215789473684,0.04009464650885901,8.0,1.0,D1 R4,50,-1,0,2
119,129.01186842105264,0.03406873958074321,8.0,2.0,D1 R4,50,-1,0,2
119,98.77815789473684,0.03959211182242692,8.0,3.0,D1 R4,50,-1,0,2
119,75.65331578947368,0.044652943775429124,8.0,4.0,D1 R4,50,-1,0,2
120,20.43815789473684,0.08413646002665653,7.0,0.0,D1 R4,50,-1,0,2
120,27.057000000000006,0.07547215185994892,7.0,1.0,D1 R4,50,-1,0,2
120,134.66110526315785,0.03464860203916888,7.0,2.0,D1 R4,50,-1,0,2
120,153.7697105263158,0.03383071040872484,7.0,3.0,D1 R4,50,-1,0,2
120,153.55513157894737,0.03200117942771084,7.0,4.0,D1 R4,50,-1,0,2
121,72.93544736842105,0.04496727033812538,6.0,0.0,D1 R4,50,-1,0,2
121,54.96986842105264,0.05526878730726334,6.0,1.0,D1 R4,50,-1,0,2
121,68.52594736842106,0.053765389473741924,6.0,2.0,D1 R4,50,-1,0,2
121,41.850263157894744,0.06439356461196183,6.0,3.0,D1 R4,50,-1,0,2
121,105.66876315789473,0.03780970448790368,6.0,4.0,D1 R4,50,-1,0,2
122,131.10386842105265,0.03485528550991714,4.0,0.0,D1 R4,50,-1,0,2
122,191.61221052631578,0.029592447518556216,4.0,1.0,D1 R4,50,-1,0,2
122,99.39202631578944,0.03894284290919726,4.0,2.0,D1 R4,50,-1,0,2
122,292.07992105263156,0.022880788249405374,4.0,3.0,D1 R4,50,-1,0,2
122,279.0271315789473,0.024604784684343017,4.0,4.0,D1 R4,50,-1,0,2
123,231.9266315789473,0.02716983239263295,5.0,0.0,D1 R4,50,-1,0,2
123,115.14981578947366,0.0395202357086963,5.0,1.0,D1 R4,50,-1,0,2
123,121.30331578947367,0.040287539917152754,5.0,2.0,D1 R4,50,-1,0,2
123,132.3209736842105,0.035412722880742376,5.0,3.0,D1 R4,50,-1,0,2
123,104.95560526315789,0.04163602012374804,5.0,4.0,D1 R4,50,-1,0,2
124,108.02515789473685,0.03903321797217286,1.0,0.0,D1 R4,50,-1,0,2
124,103.80794736842103,0.04082493789360395,1.0,1.0,D1 R4,50,-1,0,2
124,164.97555263157892,0.03466698018627318,1.0,2.0,D1 R4,50,-1,0,2
124,167.23302631578943,0.033870951322487304,1.0,3.0,D1 R4,50,-1,0,2
124,239.5260263157894,0.027826144564593196,1.0,4.0,D1 R4,50,-1,0,2
125,116.12113157894734,0.0401386577018373,2.0,0.0,D1 R4,50,-1,0,2
125,90.03852631578947,0.0420260356580322,2.0,1.0,D1 R4,50,-1,0,2
125,110.92721052631576,0.042152785681615644,2.0,2.0,D1 R4,50,-1,0,2
125,120.34155263157896,0.039358296263488635,2.0,3.0,D1 R4,50,-1,0,2
125,137.62907894736844,0.036884008125496096,2.0,4.0,D1 R4,50,-1,0,2
126,85.19563157894737,0.04200356962801906,3.0,0.0,D1 R4,50,-1,0,2
126,161.87742105263158,0.034916550695413405,3.0,1.0,D1 R4,50,-1,0,2
126,70.17486842105261,0.047661647241031564,3.0,2.0,D1 R4,50,-1,0,2
126,71.67778947368421,0.04643704969620201,3.0,3.0,D1 R4,50,-1,0,2
126,109.88815789473682,0.03929661601806081,3.0,4.0,D1 R4,50,-1,0,2
127,122.29910526315791,0.04145523734826649,8.0,0.0,D1 R6,50,-1,0,2
127,147.46294736842106,0.0378329631735749,8.0,1.0,D1 R6,50,-1,0,2
127,123.20226315789473,0.03944374741991836,8.0,2.0,D1 R6,50,-1,0,2
127,128.49110526315786,0.036877492403678686,8.0,3.0,D1 R6,50,-1,0,2
127,115.3111578947368,0.03596098609292608,8.0,4.0,D1 R6,50,-1,0,2
128,161.28194736842102,0.037079960577841686,7.0,0.0,D1 R6,50,-1,0,2
128,105.64089473684213,0.04251874281190249,7.0,1.0,D1 R6,50,-1,0,2
128,138.00915789473683,0.03581696409381324,7.0,2.0,D1 R6,50,-1,0,2
128,154.89586842105265,0.03632468903158013,7.0,3.0,D1 R6,50,-1,0,2
128,122.71813157894736,0.04024509398706507,7.0,4.0,D1 R6,50,-1,0,2
129,273.0990263157894,0.02811048024710697,6.0,0.0,D1 R6,50,-1,0,2
129,251.35186842105264,0.027942455460723475,6.0,1.0,D1 R6,50,-1,0,2
129,180.24,0.03329121588950548,6.0,2.0,D1 R6,50,-1,0,2
129,232.871947368421,0.028931071967829944,6.0,3.0,D1 R6,50,-1,0,2
129,184.19028947368417,0.031042376763460836,6.0,4.0,D1 R6,50,-1,0,2
130,112.23102631578948,0.0425559636426112,4.0,0.0,D1 R6,50,-1,0,2
130,85.83655263157894,0.04651792761965757,4.0,1.0,D1 R6,50,-1,0,2
130,59.525526315789484,0.05313047755694808,4.0,2.0,D1 R6,50,-1,0,2
130,98.83584210526313,0.043019535116758864,4.0,3.0,D1 R6,50,-1,0,2
130,94.28936842105264,0.045302067884045186,4.0,4.0,D1 R6,50,-1,0,2
131,93.38236842105263,0.04270144534911023,5.0,0.0,D1 R6,50,-1,0,2
131,91.733,0.04380281537012241,5.0,1.0,D1 R6,50,-1,0,2
131,158.54355263157893,0.03162739156975998,5.0,2.0,D1 R6,50,-1,0,2
131,138.73884210526313,0.03496090515413862,5.0,3.0,D1 R6,50,-1,0,2
131,168.97828947368419,0.03411877879529093,5.0,4.0,D1 R6,50,-1,0,2
132,157.26863157894735,0.031677046095042995,1.0,0.0,D1 R6,50,-1,0,2
132,184.61634210526313,0.029683755595618075,1.0,1.0,D1 R6,50,-1,0,2
132,114.38384210526316,0.03866859244336736,1.0,2.0,D1 R6,50,-1,0,2
132,123.71565789473681,0.03745231501892784,1.0,3.0,D1 R6,50,-1,0,2
132,122.18455263157895,0.037438749609183926,1.0,4.0,D1 R6,50,-1,0,2
133,72.99221052631579,0.04654788586681849,2.0,0.0,D1 R6,50,-1,0,2
133,140.27557894736842,0.03395979474731522,2.0,1.0,D1 R6,50,-1,0,2
133,71.40194736842106,0.04613507282532823,2.0,2.0,D1 R6,50,-1,0,2
133,98.13447368421053,0.040647469281651104,2.0,3.0,D1 R6,50,-1,0,2
133,88.19547368421053,0.04393752647438156,2.0,4.0,D1 R6,50,-1,0,2
134,87.50836842105262,0.04334185760322941,3.0,0.0,D1 R6,50,-1,0,2
134,63.32589473684211,0.05171501587581707,3.0,1.0,D1 R6,50,-1,0,2
134,88.68365789473685,0.04839179965901482,3.0,2.0,D1 R6,50,-1,0,2
134,98.70936842105264,0.04451518617903353,3.0,3.0,D1 R6,50,-1,0,2
134,106.30147368421055,0.04404176357797418,3.0,4.0,D1 R6,50,-1,0,2
135,95.14610526315789,0.046811122219349785,8.0,0.0,D1 R2,50,-1,0,2
135,68.36560526315789,0.04752777654105321,8.0,1.0,D1 R2,50,-1,0,2
135,91.67644736842107,0.04655034060591089,8.0,2.0,D1 R2,50,-1,0,2
135,83.40336842105265,0.046830176630174025,8.0,3.0,D1 R2,50,-1,0,2
135,103.7378947368421,0.0465640773171647,8.0,4.0,D1 R2,50,-1,0,2
136,119.69918421052628,0.03847529066413599,7.0,0.0,D1 R2,50,-1,0,2
136,72.70565789473683,0.048025028821977817,7.0,1.0,D1 R2,50,-1,0,2
136,79.39273684210525,0.04519432878769898,7.0,2.0,D1 R2,50,-1,0,2
136,98.73981578947367,0.04410370475201811,7.0,3.0,D1 R2,50,-1,0,2
136,42.36489473684212,0.05771337922244927,7.0,4.0,D1 R2,50,-1,0,2
137,68.04307894736841,0.04952367644961219,4.0,0.0,D1 R2,50,-1,0,2
137,91.34523684210528,0.04291950366690941,4.0,1.0,D1 R2,50,-1,0,2
137,72.6035,0.049574711378990895,4.0,2.0,D1 R2,50,-1,0,2
137,59.68481578947368,0.05241439069378327,4.0,3.0,D1 R2,50,-1,0,2
137,81.19892105263159,0.04814515218244055,4.0,4.0,D1 R2,50,-1,0,2
138,32.39600000000001,0.06735851078423018,5.0,0.0,D1 R2,50,-1,0,2
138,59.89739473684212,0.055182102211062366,5.0,1.0,D1 R2,50,-1,0,2
138,21.990973684210523,0.0810341208356837,5.0,2.0,D1 R2,50,-1,0,2
138,34.457236842105274,0.06704290188021977,5.0,3.0,D1 R2,50,-1,0,2
138,23.687789473684216,0.07676913442263109,5.0,4.0,D1 R2,50,-1,0,2
139,122.84060526315785,0.039557616907514304,1.0,0.0,D1 R2,50,-1,0,2
139,76.45442105263157,0.046215445278299204,1.0,1.0,D1 R2,50,-1,0,2
139,101.03873684210527,0.043365646468475585,1.0,2.0,D1 R2,50,-1,0,2
139,96.77492105263158,0.045301578705835385,1.0,3.0,D1 R2,50,-1,0,2
139,76.61784210526315,0.05007051468122944,1.0,4.0,D1 R2,50,-1,0,2
140,93.60163157894736,0.039204432589007576,2.0,0.0,D1 R2,50,-1,0,2
140,87.56094736842105,0.04581598597255241,2.0,1.0,D1 R2,50,-1,0,2
140,106.40013157894737,0.042756343586624744,2.0,2.0,D1 R2,50,-1,0,2
140,104.49647368421053,0.043358359844683385,2.0,3.0,D1 R2,50,-1,0,2
140,97.67894736842103,0.045096015603029706,2.0,4.0,D1 R2,50,-1,0,2
141,136.2981842105263,0.033418762872245246,3.0,0.0,D1 R2,50,-1,0,2
141,126.66476315789473,0.03845866940076792,3.0,1.0,D1 R2,50,-1,0,2
141,99.21065789473683,0.041792477188897136,3.0,2.0,D1 R2,50,-1,0,2
141,102.3947105263158,0.042476981708558965,3.0,3.0,D1 R2,50,-1,0,2
141,40.14194736842106,0.05991521595131804,3.0,4.0,D1 R2,50,-1,0,2
